,RMSE,MSE,MAE,MAPE
LGBM,26.877997764254438,722.4267638152667,17.962229015170223,0.5771356388056477
TCN,95.06187927016768,9036.760890375936,71.64818754132789,2.394016372086131
Mean,53.426448825433994,2854.3854340967177,39.191663176094586,1.304376063509237
W-Mean,33.42276651510164,1117.0813215229998,23.064365449553605,0.757084252225595
Stacking,26.712706758992326,713.5687023919143,17.817607032286336,0.5735659366991223
